﻿인덱스,평가자,피평가자,잘하는 점,개선할 점,직무 능력,의사소통,품위/매너,팀 스피릿,책임감,비문_여부,잘하는 점_순화,개선할 점_순화
4,박영수,김미영,일 겁나 잘함ㅋㅋ 진짜 일처리 미친듯이 빠름,좀 쉬엄쉬엄 해도 될 듯ㅋㅋ 번아웃 각ㅋㅋㅋ,5,3,4,3,5,1,일 매우 잘함 진짜 일처리 미친듯이 빠름 있습니다.,좀 쉬엄쉬엄 해도 될 듯 번아웃이 우려되는 상황입니다이 우려되는 상황입니다
5,박영수,이준호,준호 매너 개쩜ㅋㅋㅋ 진짜 싸웠는데 한번도 욕한적 없음ㅋㅋ,일은 좀 더 열심히 해주면 안되냐?ㅠㅠ 능력은 있는거 같은데 왜 이러는거야,2,5,5,4,2,1,준호 매너 매우 훌륭하며 진짜 갈등 상황에서도 욕설을 사용하지 않습니다 있습니다.,일은 좀 더 열심히 해주면 안되냐? 능력은 있는거 같은데 개선이 필요해 보입니다
6,박영수,정수빈,수빈이 comunicacion 실화냐ㅋㅋㅋ 말빨 개쩜,근데 말만 하지 말고 좀 행동으로 보여줘라ㅋㅋㅋ,3,5,4,4,2,1,수빈이 comunicacion 정말 그렇다고 느껴집니다 말빨 매우 훌륭하며 있습니다.,근데 말만 하지 말고 좀 행동으로 보여줘라 있습니다.
9,최지혜,이민호,"이민호 주임은 고객 응대 능력이 뛰어납니다. 항상 친절하고 전문적인 태도로 고객 만족도를 높이고 있으며, 어려운 상황에서도 침착하게 대처합니다.","하지만 내부 직원들과의 소통에는 다소 소극적인 모습을 보입니다. 팀 내 의사소통 참여도를 높이고, 자신의 의견을 좀 더 적극적으로 개진할 필요가 있어 보입니다.",4,3,5,3,4,1,"이민호 주임은 고객 응대 능력이 뛰어납니다. 항상 친절하고 전문적인 태도로 고객 만족도를 높이고 있으며, 어려운 상황에서도 침착하게 대처합니다.","하지만 내부 직원들과의 소통에는 다소 소극적인 모습을 보입니다. 팀 내 의사소통 참여도를 높이고, 자신의 의견을 좀 더 적극적으로 개진할 필요가 있어 보입니다."
10,정태연,김수현,"김수현 XX, 일은 또라이급으로 잘하네. 진짜 미친 XX 아님? ㅋㅋㅋ",근데 왜 이렇게 성격이 개XX이야? 좀 상냥하게 굴어봐라 XX아,5,1,1,2,5,1,"김수현 , 일은 매우 높은 수준으로 업무를 수행합니다. 진짜 미친 아님? 있습니다.",근데 왜 이렇게 성격이 개이야? 좀 상냥하게 굴어봐라 아 있습니다.
11,정태연,전지현,"와 전지현, 진짜 XX같이 이쁘다 ㅋㅋㅋ 얼굴이 레전드네 ㅋㅋ",근데 일은 좀 해라 XX아. 얼굴값 좀 해라 증말 ㅋㅋㅋ,1,3,5,3,1,1,"와 전지현, 진짜 같이 이쁘다 얼굴이 레전드네 있습니다.",근데 일은 좀 해라 아. 얼굴값 좀 해라 증말 있습니다.
12,정태연,조인성,"야 조인성, 넌 그냥 적당히만 해도 된다?ㅋㅋㅋ 얼굴이 레전드라서",아 근데 일도 좀 하지? ㅋㅋㅋ 얼굴만 갖고 어디까지 갈래?,2,4,5,3,2,1,"야 조인성, 넌 그냥 적당히만 해도 된다? 얼굴이 레전드라서 있습니다.",아 근데 일도 좀 하지? 얼굴만 갖고 어디까지 갈래? 있습니다.
15,한미영,손예진,"손예진 대리는 매우 성실하고 꼼꼼한 업무 태도를 가지고 있습니다. 모든 업무를 정확하게 처리하며, 특히 데이터 관리와 보고서 작성 능력이 뛰어납니다. 또한 팀 내 화합을 위해 노력하는 모습이 보기 좋습니다.",하지만 자신의 의견을 적극적으로 개진하는 데 어려움을 겪는 것 같습니다. 회의 중 좋은 아이디어가 있어도 잘 말씀하지 않으시는 경우가 많아 아쉽습니다. 조금 더 자신감을 가지고 본인의 생각을 표현하셨으면 좋겠습니다. 또한 업무 우선순위 설정 능력을 개선할 필요가 있어 보입니다.,4,3,5,4,5,1,"손예진 대리는 매우 성실하고 꼼꼼한 업무 태도를 가지고 있습니다. 모든 업무를 정확하게 처리하며, 특히 데이터 관리와 보고서 작성 능력이 뛰어납니다. 또한 팀 내 화합을 위해 노력하는 모습이 보기 좋습니다. 있습니다.",하지만 자신의 의견을 적극적으로 개진하는 데 어려움을 겪는 것 같습니다. 회의 중 좋은 아이디어가 있어도 잘 말씀하지 않으시는 경우가 많아 아쉽습니다. 조금 더 자신감을 가지고 본인의 생각을 표현하셨으면 좋겠습니다. 또한 업무 우선순위 설정 능력을 개선할 필요가 있어 보입니다.
18,이동욱,한지민,"한지민 사원은 새로운 기술 습득에 대한 열정이 대단합니다. 항상 최신 트렌드를 파악하고 있으며, 이를 실제 업무에 적용하려는 노력이 돋보입니다. 또한 자신이 습득한 지식을 팀원들과 공유하는 모습이 인상적입니다.","그러나 새로운 것에 대한 열정이 때로는 기존 시스템의 안정성을 간과하게 만드는 경우가 있습니다. 혁신도 중요하지만, 현재 시스템의 유지보수와 안정성도 동등하게 중요하다는 점을 인식했으면 좋겠습니다. 또한 업무의 우선순위 설정 능력을 개선할 필요가 있어 보입니다.",4,4,4,5,3,1,"한지민 사원은 새로운 기술 습득에 대한 열정이 대단합니다. 항상 최신 트렌드를 파악하고 있으며, 이를 실제 업무에 적용하려는 노력이 돋보입니다. 또한 자신이 습득한 지식을 팀원들과 공유하는 모습이 인상적입니다.","그러나 새로운 것에 대한 열정이 때로는 기존 시스템의 안정성을 간과하게 만드는 경우가 있습니다. 혁신도 중요하지만, 현재 시스템의 유지보수와 안정성도 동등하게 중요하다는 점을 인식했으면 좋겠습니다. 또한 업무의 우선순위 설정 능력을 개선할 필요가 있어 보입니다."
19,강수연,박보검,박보검 너 대박이다. 일도 잘하고 얼굴도 잘생기고ㅋㅋ 진짜 완벽 그 자체!,야 너 좀 덜 완벽해도 돼ㅋㅋㅋ 주변 사람들 다 위축되잖아ㅠㅠ,5,5,5,4,5,1,박보검 너 대박이다. 일도 잘하고 얼굴도 잘생기고 진짜 완벽 그 자체! 있습니다.,야 너 좀 덜 완벽해도 돼 주변 사람들 다 위축되잖아 있습니다.
20,강수연,송중기,"중기야, 넌 진짜 말을 너무 잘해ㅋㅋㅋ 어떻게 그렇게 말을 예쁘게 하냐?",근데 말만 예쁘게 하지 말고 행동도 좀 예쁘게 해라ㅋㅋ 약속 좀 지키자!,3,5,4,4,2,1,"중기야, 넌 진짜 말을 너무 잘해 어떻게 그렇게 말을 예쁘게 하냐? 있습니다.",근데 말만 예쁘게 하지 말고 행동도 좀 예쁘게 해라 약속 좀 지키자! 있습니다.
21,강수연,이승기,"승기야, 넌 진짜 열심히 한다! 밤새는 것도 다반사고ㅋㅋ",일 좀 그만해라ㅠㅠ 너 과로사하면 어떡해ㅜㅜ 내가 너무 걱정된다고!!,5,3,4,3,5,1,"승기야, 넌 진짜 열심히 한다! 밤새는 것도 다반사고 있습니다.",일 좀 그만해라 너 과로사하면 어떡해 내가 너무 걱정된다고!! 있습니다.
22,오민석,김사랑,"김사랑 주임은 고객 응대 능력이 탁월합니다. 항상 친절하고 전문적인 태도로 고객들의 신뢰를 얻고 있으며, 어려운 상황에서도 침착하게 대처하는 모습이 인상적입니다.","그러나 내부 직원들과의 소통에는 다소 소극적인 면이 있습니다. 팀 내 의사소통에 좀 더 적극적으로 참여하고, 자신의 의견을 개진하는 데 좀 더 자신감을 가졌으면 좋겠습니다. 또한 업무 처리 속도를 조금 더 높일 필요가 있어 보입니다.",4,3,5,3,4,1,"김사랑 주임은 고객 응대 능력이 탁월합니다. 항상 친절하고 전문적인 태도로 고객들의 신뢰를 얻고 있으며, 어려운 상황에서도 침착하게 대처하는 모습이 인상적입니다.","그러나 내부 직원들과의 소통에는 다소 소극적인 면이 있습니다. 팀 내 의사소통에 좀 더 적극적으로 참여하고, 자신의 의견을 개진하는 데 좀 더 자신감을 가졌으면 좋겠습니다. 또한 업무 처리 속도를 조금 더 높일 필요가 있어 보입니다."
24,오민석,손예진,"손예진 대리는 데이터 분석 능력이 뛰어납니다. 복잡한 데이터도 빠르고 정확하게 분석하며, 이를 바탕으로 의미 있는 인사이트를 도출해냅니다. 또한 분석 결과를 시각화하는 능력도 탁월해 경영진에게 항상 좋은 평가를 받고 있습니다.",하지만 때로는 데이터에만 너무 집중한 나머지 현장의 실제 상황을 간과하는 경우가 있습니다. 데이터 외에도 현장의 목소리를 듣고 이를 분석에 반영하는 노력이 필요해 보입니다. 또한 팀 프로젝트에서 조금 더 적극적으로 의견을 개진하고 리더십을 발휘했으면 좋겠습니다.,5,3,4,3,4,1,"손예진 대리는 데이터 분석 능력이 뛰어납니다. 복잡한 데이터도 빠르고 정확하게 분석하며, 이를 바탕으로 의미 있는 인사이트를 도출해냅니다. 또한 분석 결과를 시각화하는 능력도 탁월해 경영진에게 항상 좋은 평가를 받고 있습니다. 있습니다.",하지만 때로는 데이터에만 너무 집중한 나머지 현장의 실제 상황을 간과하는 경우가 있습니다. 데이터 외에도 현장의 목소리를 듣고 이를 분석에 반영하는 노력이 필요해 보입니다. 또한 팀 프로젝트에서 조금 더 적극적으로 의견을 개진하고 리더십을 발휘했으면 좋겠습니다. 있습니다.
25,황미래,정해인,정해인 너 대체 뭐냐? 어떻게 그렇게 일을 완벽하게 처리하냐?,아 XX 좀 실수 좀 해라. 넌 기계냐?,5,3,2,2,5,1,정해인 너 대체 뭐냐? 어떻게 그렇게 일을 완벽하게 처리하냐? 있습니다.,아 좀 실수 좀 해라. 넌 기계냐? 있습니다.
26,황미래,박서준,"야 서준아, 넌 진짜 인성에 문제있다. 그렇게 살지마 XX야.",일은 개XX같이 잘하는데 성격은 왜 그 모양이냐?,5,1,1,1,5,1,"야 서준아, 넌 진짜 인성에 문제있다. 그렇게 살지마 야. 있습니다.",일은 개같이 잘하는데 성격은 왜 그 모양이냐? 있습니다.
27,황미래,김태리,태리야 너 그냥 연예인 해라ㅋㅋㅋ 얼굴이 레전드다 증말,아 근데 일도 좀 하자 응?ㅋㅋ 얼굴값 좀 해봐 XX아,2,4,5,3,2,1,태리야 너 그냥 연예인 해라 얼굴이 레전드다 증말 있습니다.,아 근데 일도 좀 하자 응? 얼굴값 좀 해봐 아 있습니다.
29,임윤아,박신혜,"박신혜 과장님은 팀원들을 배려하는 리더십이 돋보입니다. 항상 팀원들의 의견을 경청하고, 개개인의 강점을 살려 업무를 배분하는 능력이 뛰어납니다. 또한 어려운 상황에서도 침착하게 대처하며 팀원들에게 신뢰를 주고 있습니다.","다만, 때로는 너무 팀원들을 배려하다 보니 본인의 업무가 과중되는 경향이 있습니다. 리더로서 적절한 업무 위임과 권한 부여를 통해 본인의 업무 부담을 줄이고, 팀원들의 성장 기회를 제공하는 것도 필요해 보입니다. 또한 회사의 전체적인 방향성과 팀의 목표를 연계하는 능력을 더 키웠으면 좋겠습니다.",4,5,5,5,4,1,"박신혜 과장님은 팀원들을 배려하는 리더십이 돋보입니다. 항상 팀원들의 의견을 경청하고, 개개인의 강점을 살려 업무를 배분하는 능력이 뛰어납니다. 또한 어려운 상황에서도 침착하게 대처하며 팀원들에게 신뢰를 주고 있습니다. 있습니다.","다만, 때로는 너무 팀원들을 배려하다 보니 본인의 업무가 과중되는 경향이 있습니다. 리더로서 적절한 업무 위임과 권한 부여를 통해 본인의 업무 부담을 줄이고, 팀원들의 성장 기회를 제공하는 것도 필요해 보입니다. 또한 회사의 전체적인 방향성과 팀의 목표를 연계하는 능력을 더 키웠으면 좋겠습니다. 있습니다."
30,임윤아,이준기,이준기 주임은 창의적인 문제 해결 능력이 뛰어납니다. 어떤 어려운 상황에서도 항상 새로운 시각으로 접근하여 혁신적인 해결책을 제시합니다. 또한 IT 기술에 대한 깊은 이해를 바탕으로 업무 프로세스 개선에 많은 기여를 하고 있습니다.,"그러나 때로는 너무 이상적인 해결책을 제시하여 현실적인 제약을 간과하는 경우가 있습니다. 혁신적인 아이디어도 중요하지만, 현재의 자원과 환경을 고려한 실행 가능한 방안을 제시하는 능력도 키웠으면 좋겠습니다. 또한 자신의 아이디어를 팀원들에게 설명하고 설득하는 커뮤니케이션 스킬을 더 향상시킬 필요가 있어 보입니다.",5,3,4,4,4,1,이준기 주임은 창의적인 문제 해결 능력이 뛰어납니다. 어떤 어려운 상황에서도 항상 새로운 시각으로 접근하여 혁신적인 해결책을 제시합니다. 또한 IT 기술에 대한 깊은 이해를 바탕으로 업무 프로세스 개선에 많은 기여를 하고 있습니다. 있습니다.,"그러나 때로는 너무 이상적인 해결책을 제시하여 현실적인 제약을 간과하는 경우가 있습니다. 혁신적인 아이디어도 중요하지만, 현재의 자원과 환경을 고려한 실행 가능한 방안을 제시하는 능력도 키웠으면 좋겠습니다. 또한 자신의 아이디어를 팀원들에게 설명하고 설득하는 커뮤니케이션 스킬을 더 향상시킬 필요가 있어 보입니다."
34,박보영,김수현,김수현 너 진짜 일 개쩔게 잘한다ㅋㅋㅋ 어떻게 그렇게 빨리 처리하냐?,근데 가끔 좀 불손해ㅋㅋ 말투 좀 순화해봐 ㅋㅋㅋ,5,2,2,3,5,1,김수현 너 진짜 일 개쩔게 잘한다 어떻게 그렇게 빨리 처리하냐? 있습니다.,근데 가끔 좀 불손해 말투 좀 순화해봐 있습니다.
35,박보영,공유,공유 오빠 진짜 말 이쁘게 하네~~ 사람들이랑 어떻게 그렇게 잘 지내?,일은 좀 열심히 해주면 안돼?ㅠㅠ 네 능력에 비해 너무 널널하게 하는 거 아냐?,3,5,5,5,2,1,공유 오빠 진짜 말 이쁘게 하네~~ 사람들이랑 어떻게 그렇게 잘 지내? 있습니다.,일은 좀 열심히 해주면 안돼? 네 능력에 비해 너무 널널하게 하는 거 아냐? 있습니다.
36,박보영,한효주,언니 진짜 꼼꼼하다! 보고서 작성할 때 항상 완벽해~,근데 좀 느린 거 없어? 마감 좀 지켜줘ㅠㅠ,4,3,5,4,4,1,언니 진짜 꼼꼼하다! 보고서 작성할 때 항상 완벽해~ 있습니다.,근데 좀 느린 거 없어? 마감 좀 지켜줘 있습니다.
49,박서연,김우빈,우빈이 너 진짜 일 겁나 잘한다ㅋㅋ 어떻게 그렇게 빨리 처리해?,근데 말이 좀 거칠지 않냐?ㅋㅋ 고객들한테 그러다 욕먹을라ㅋㅋㅋ,5,2,3,4,5,1,우빈이 너 진짜 일 매우 잘한다 어떻게 그렇게 빨리 처리해? 있습니다.,근데 말이 좀 거칠지 않냐? 고객들한테 그러다 욕먹을라 있습니다.
50,박서연,한가인,가인 언니 진짜 분위기 메이커네~ 회식 때마다 없어서는 안 될 존재ㅋㅋ,근데 일은 좀 열심히 해줘라ㅠㅠ 너무 노는 데만 집중하는 거 아니야?,2,5,5,5,2,1,가인 언니 진짜 분위기 메이커네~ 회식 때마다 없어서는 안 될 존재 있습니다.,근데 일은 좀 열심히 해줘라 너무 노는 데만 집중하는 거 아니야? 있습니다.
51,박서연,송중기,중기오빠 발표 진짜 잘하더라~ 어떻게 그렇게 말을 잘해?,발표 준비하는 시간에 실제 업무도 좀 신경 썼으면 좋겠어ㅠㅠ,3,5,5,4,3,1,중기오빠 발표 진짜 잘하더라~ 어떻게 그렇게 말을 잘해? 있습니다.,발표 준비하는 시간에 실제 업무도 좀 신경 썼으면 좋겠어 있습니다.
64,이정재,한효주,한효주 책임님 진짜 일 잘하시네요ㅋㅋ 어떻게 그렇게 꼼꼼하게 처리하세요?,근데 가끔 너무 꼼꼼해서 일이 느려질 때가 있어요. 좀 더 효율적으로 일했으면 좋겠어요ㅎㅎ,5,4,5,4,5,1,한효주 책임님 진짜 일 잘하시네요 어떻게 그렇게 꼼꼼하게 처리하세요? 있습니다.,근데 가끔 너무 꼼꼼해서 일이 느려질 때가 있어요. 좀 더 효율적으로 일했으면 좋겠어요
65,이정재,류승룡,승룡이형 진짜 말빨 쩔어요ㅋㅋㅋ 어떻게 그렇게 설득을 잘해요?,근데 일은 좀 제대로 해주셨으면ㅠㅠ 말만 하지 말고 실천도 좀...,3,5,4,4,2,1,승룡이형 진짜 말빨 쩔어요 어떻게 그렇게 설득을 잘해요? 있습니다.,근데 일은 좀 제대로 해주셨으면 말만 하지 말고 실천도 좀... 있습니다.
66,이정재,임수정,수정씨 진짜 열정 넘치네요! 항상 신나게 일하는 모습이 보기 좋아요.,가끔은 너무 열정적이라 다른 사람들 페이스에 맞추기 힘들 때가 있어요. 조금만 조절해주세요ㅎㅎ,4,4,4,5,5,1,수정씨 진짜 열정 넘치네요! 항상 신나게 일하는 모습이 보기 좋아요.,가끔은 너무 열정적이라 다른 사람들 페이스에 맞추기 힘들 때가 있어요. 조금만 조절해주세요
70,이수진,정태호,정태호 너 진짜 일 개쩔게 잘한다ㅋㅋ 어떻게 그렇게 빨리 처리해?,근데 말이 좀 거칠지 않냐?ㅋㅋ 동료들이랑 얘기할 때 좀만 부드럽게 해봐ㅋㅋㅋ,5,2,3,4,5,1,정태호 너 진짜 일 개쩔게 잘한다 어떻게 그렇게 빨리 처리해? 있습니다.,근데 말이 좀 거칠지 않냐? 동료들이랑 얘기할 때 좀만 부드럽게 해봐 있습니다.
71,이수진,강민아,"민아야, 넌 진짜 분위기 메이커다! 회식 때마다 없어서는 안 될 존재ㅋㅋ",근데 일은 좀 열심히 해줘라ㅠㅠ 너무 노는 데만 집중하는 거 아니야?,2,5,5,5,2,1,"민아야, 넌 진짜 분위기 메이커다! 회식 때마다 없어서는 안 될 존재 있습니다.",근데 일은 좀 열심히 해줘라 너무 노는 데만 집중하는 거 아니야? 있습니다.
72,이수진,윤재철,"재철아, 발표 진짜 잘하더라~ 어떻게 그렇게 말을 잘해?",발표 준비하는 시간에 실제 업무도 좀 신경 썼으면 좋겠어ㅠㅠ,3,5,4,4,3,1,"재철아, 발표 진짜 잘하더라~ 어떻게 그렇게 말을 잘해? 있습니다.",발표 준비하는 시간에 실제 업무도 좀 신경 썼으면 좋겠어 있습니다.
75,박준영,장미라,장미라 대리는 팀워크 능력이 뛰어납니다. 항상 동료들을 배려하고 협력적인 태도로 프로젝트를 수행합니다.,그러나 때로는 너무 남의 일에 개입하려다 본인의 업무가 지연되는 경우가 있습니다. 적절한 선 긋기가 필요해 보입니다.,4,5,5,5,4,1,장미라 대리는 팀워크 능력이 뛰어납니다. 항상 동료들을 배려하고 협력적인 태도로 프로젝트를 수행합니다.,그러나 때로는 너무 남의 일에 개입하려다 본인의 업무가 지연되는 경우가 있습니다. 적절한 선 긋기가 필요해 보입니다.
85,임지현,구본철,구본철 책임님 진짜 일 잘하시네요ㅋㅋ 어떻게 그렇게 꼼꼼하게 처리하세요?,근데 가끔 너무 꼼꼼해서 일이 느려질 때가 있어요. 좀 더 효율적으로 일했으면 좋겠어요ㅎㅎ,5,4,5,4,5,1,구본철 책임님 진짜 일 잘하시네요 어떻게 그렇게 꼼꼼하게 처리하세요? 있습니다.,근데 가끔 너무 꼼꼼해서 일이 느려질 때가 있어요. 좀 더 효율적으로 일했으면 좋겠어요
86,임지현,신동엽,동엽이형 진짜 말빨 쩔어요ㅋㅋㅋ 어떻게 그렇게 설득을 잘해요?,근데 일은 좀 제대로 해주셨으면ㅠㅠ 말만 하지 말고 실천도 좀...,3,5,4,4,2,1,동엽이형 진짜 말빨 쩔어요 어떻게 그렇게 설득을 잘해요? 있습니다.,근데 일은 좀 제대로 해주셨으면 말만 하지 말고 실천도 좀... 있습니다.
87,임지현,홍서연,서연씨 진짜 열정 넘치네요! 항상 신나게 일하는 모습이 보기 좋아요.,가끔은 너무 열정적이라 다른 사람들 페이스에 맞추기 힘들 때가 있어요. 조금만 조절해주세요ㅎㅎ,4,4,4,5,5,1,서연씨 진짜 열정 넘치네요! 항상 신나게 일하는 모습이 보기 좋아요.,가끔은 너무 열정적이라 다른 사람들 페이스에 맞추기 힘들 때가 있어요. 조금만 조절해주세요
91,박성민,김도윤,도윤이 너 진짜 일 미친듯이 잘하더라ㅋㅋ 어떻게 그렇게 빨리 처리해?,근데 말투가 좀 거칠지 않냐?ㅋㅋ 동료들이랑 대화할 때 좀만 부드럽게 해봐ㅋㅋㅋ,5,2,3,4,5,1,도윤이 너 진짜 일 미친듯이 잘하더라 어떻게 그렇게 빨리 처리해? 있습니다.,근데 말투가 좀 거칠지 않냐? 동료들이랑 대화할 때 좀만 부드럽게 해봐 있습니다.
92,박성민,이지은,"지은아, 넌 진짜 분위기 메이커다! 니가 있어서 팀 분위기가 좋아~",근데 일도 좀 열심히 해줘라ㅠㅠ 능력 있는 거 아는데 왜 이러니?,2,5,5,5,2,1,"지은아, 넌 진짜 분위기 메이커다! 니가 있어서 팀 분위기가 좋아~ 있습니다.",근데 일도 좀 열심히 해줘라 능력 있는 거 아는데 왜 이러니? 있습니다.
93,박성민,정현우,"현우야, 프레젠테이션 진짜 잘하더라~ 어떻게 그렇게 말을 잘해?",발표 준비하는 시간에 실제 업무도 좀 신경 썼으면 좋겠어ㅠㅠ,3,5,4,4,3,1,"현우야, 프레젠테이션 진짜 잘하더라~ 어떻게 그렇게 말을 잘해? 있습니다.",발표 준비하는 시간에 실제 업무도 좀 신경 썼으면 좋겠어 있습니다.
99,정승원,구민지,구민지 대리는 팀워크 능력이 뛰어납니다. 항상 동료들을 배려하고 협력적인 태도를 보입니다.,그러나 때로는 너무 남의 일에 개입하려다 본인의 업무가 지연되는 경우가 있습니다.,4,5,5,5,4,1,구민지 대리는 팀워크 능력이 뛰어납니다. 항상 동료들을 배려하고 협력적인 태도를 보입니다.,그러나 때로는 너무 남의 일에 개입하려다 본인의 업무가 지연되는 경우가 있습니다. 있습니다.
112,권혜진,노승현,"승현아, 넌 진짜 발표 잘한다ㅋㅋ 어떻게 그렇게 말을 잘해?",근데 실제 업무는 좀 더 신경 썼으면 좋겠어ㅠㅠ 말만 번지르르하면 안 되잖아ㅋㅋ,3,5,4,4,3,1,"승현아, 넌 진짜 발표 잘한다 어떻게 그렇게 말을 잘해? 있습니다.",근데 실제 업무는 좀 더 신경 썼으면 좋겠어 말만 번지르르하면 안 되잖아 있습니다.
113,권혜진,양희수,"희수야, 넌 진짜 성실하다! 항상 제일 먼저 출근하고 마지막에 퇴근하더라~",일 좀 그만해라ㅠㅠ 너 과로사하면 어떡해ㅜㅜ 내가 너무 걱정된다고!!,5,3,4,3,5,1,"희수야, 넌 진짜 성실하다! 항상 제일 먼저 출근하고 마지막에 퇴근하더라~ 있습니다.",일 좀 그만해라 너 과로사하면 어떡해 내가 너무 걱정된다고!! 있습니다.
114,권혜진,조현우,현우 오빠 진짜 리더십 대박이야~ 어떻게 그렇게 팀을 잘 이끌어?,근데 가끔 너무 강압적인 거 아냐? 좀 더 부드럽게 리드해줘ㅠㅠ,5,4,3,4,5,1,현우 오빠 진짜 리더십 대박이야~ 어떻게 그렇게 팀을 잘 이끌어? 있습니다.,근데 가끔 너무 강압적인 거 아냐? 좀 더 부드럽게 리드해줘 있습니다.
120,이태식,유민지,유민지 주임은 팀워크 능력이 뛰어납니다. 항상 동료들을 배려하고 협력적인 태도로 프로젝트에 임합니다.,그러나 때로는 너무 남의 일에 개입하려다 본인의 업무가 지연되는 경우가 있습니다. 적절한 선 긋기가 필요해 보입니다.,4,5,5,5,4,1,유민지 주임은 팀워크 능력이 뛰어납니다. 항상 동료들을 배려하고 협력적인 태도로 프로젝트에 임합니다.,그러나 때로는 너무 남의 일에 개입하려다 본인의 업무가 지연되는 경우가 있습니다. 적절한 선 긋기가 필요해 보입니다.
133,박지원,강현우,"현우야, 넌 진짜 일 개쩔게 잘한다ㅋㅋ 어떻게 그렇게 빨리 처리해?",근데 말이 좀 거칠지 않냐?ㅋㅋ 동료들이랑 얘기할 때 좀만 부드럽게 해봐ㅋㅋㅋ,5,2,3,4,5,1,"현우야, 넌 진짜 일 개쩔게 잘한다 어떻게 그렇게 빨리 처리해? 있습니다.",근데 말이 좀 거칠지 않냐? 동료들이랑 얘기할 때 좀만 부드럽게 해봐 있습니다.
134,박지원,임소연,"소연아, 넌 진짜 분위기 메이커다! 회식 때마다 없어서는 안 될 존재ㅋㅋ",근데 일은 좀 열심히 해줘라ㅠㅠ 너무 노는 데만 집중하는 거 아니야?,2,5,5,5,2,1,"소연아, 넌 진짜 분위기 메이커다! 회식 때마다 없어서는 안 될 존재 있습니다.",근데 일은 좀 열심히 해줘라 너무 노는 데만 집중하는 거 아니야? 있습니다.
135,박지원,정태준,"태준아, 발표 진짜 잘하더라~ 어떻게 그렇게 말을 잘해?",발표 준비하는 시간에 실제 업무도 좀 신경 썼으면 좋겠어ㅠㅠ,3,5,4,4,3,1,"태준아, 발표 진짜 잘하더라~ 어떻게 그렇게 말을 잘해? 있습니다.",발표 준비하는 시간에 실제 업무도 좀 신경 썼으면 좋겠어 있습니다.
145,황민경,안재현,안재현 책임님 진짜 일 잘하시네요ㅋㅋ 어떻게 그렇게 꼼꼼하게 처리하세요?,근데 가끔 너무 꼼꼼해서 일이 느려질 때가 있어요. 좀 더 효율적으로 일했으면 좋겠어요ㅎㅎ,5,4,5,4,5,1,안재현 책임님 진짜 일 잘하시네요 어떻게 그렇게 꼼꼼하게 처리하세요? 있습니다.,근데 가끔 너무 꼼꼼해서 일이 느려질 때가 있어요. 좀 더 효율적으로 일했으면 좋겠어요
146,황민경,박소희,"소희야, 진짜 말빨 쩔어요ㅋㅋㅋ 어떻게 그렇게 설득을 잘해요?",근데 일은 좀 제대로 해주셨으면ㅠㅠ 말만 하지 말고 실천도 좀...,3,5,4,4,2,1,"소희야, 진짜 말빨 쩔어요 어떻게 그렇게 설득을 잘해요? 있습니다.",근데 일은 좀 제대로 해주셨으면 말만 하지 말고 실천도 좀... 있습니다.
147,황민경,김재원,재원씨 진짜 열정 넘치네요! 항상 신나게 일하는 모습이 보기 좋아요.,가끔은 너무 열정적이라 다른 사람들 페이스에 맞추기 힘들 때가 있어요. 조금만 조절해주세요ㅎㅎ,4,4,4,5,5,1,재원씨 진짜 열정 넘치네요! 항상 신나게 일하는 모습이 보기 좋아요.,가끔은 너무 열정적이라 다른 사람들 페이스에 맞추기 힘들 때가 있어요. 조금만 조절해주세요
154,박서진,임하준,"하준아, 넌 진짜 일 개쩔게 잘한다ㅋㅋ 어떻게 그렇게 빨리 처리해?",근데 말이 좀 거칠지 않냐?ㅋㅋ 동료들이랑 얘기할 때 좀만 부드럽게 해봐ㅋㅋㅋ,5,2,3,4,5,1,"하준아, 넌 진짜 일 개쩔게 잘한다 어떻게 그렇게 빨리 처리해? 있습니다.",근데 말이 좀 거칠지 않냐? 동료들이랑 얘기할 때 좀만 부드럽게 해봐 있습니다.
155,박서진,강지원,"지원아, 넌 진짜 분위기 메이커다! 회식 때마다 없어서는 안 될 존재ㅋㅋ",근데 일은 좀 열심히 해줘라ㅠㅠ 너무 노는 데만 집중하는 거 아니야?,2,5,5,5,2,1,"지원아, 넌 진짜 분위기 메이커다! 회식 때마다 없어서는 안 될 존재 있습니다.",근데 일은 좀 열심히 해줘라 너무 노는 데만 집중하는 거 아니야? 있습니다.
156,박서진,최준혁,"준혁아, 발표 진짜 잘하더라~ 어떻게 그렇게 말을 잘해?",발표 준비하는 시간에 실제 업무도 좀 신경 썼으면 좋겠어ㅠㅠ,3,5,4,4,3,1,"준혁아, 발표 진짜 잘하더라~ 어떻게 그렇게 말을 잘해? 있습니다.",발표 준비하는 시간에 실제 업무도 좀 신경 썼으면 좋겠어 있습니다.
166,송민석,이지훈,이지훈 책임님 진짜 일 잘하시네요ㅋㅋ 어떻게 그렇게 꼼꼼하게 처리하세요?,근데 가끔 너무 꼼꼼해서 일이 느려질 때가 있어요. 좀 더 효율적으로 일했으면 좋겠어요ㅎㅎ,5,4,5,4,5,1,이지훈 책임님 진짜 일 잘하시네요 어떻게 그렇게 꼼꼼하게 처리하세요? 있습니다.,근데 가끔 너무 꼼꼼해서 일이 느려질 때가 있어요. 좀 더 효율적으로 일했으면 좋겠어요
167,송민석,강유리,"유리야, 진짜 말빨 쩔어요ㅋㅋㅋ 어떻게 그렇게 설득을 잘해요?",근데 일은 좀 제대로 해주셨으면ㅠㅠ 말만 하지 말고 실천도 좀...,3,5,4,4,2,1,"유리야, 진짜 말빨 쩔어요 어떻게 그렇게 설득을 잘해요? 있습니다.",근데 일은 좀 제대로 해주셨으면 말만 하지 말고 실천도 좀... 있습니다.
168,송민석,정민호,민호씨 진짜 열정 넘치네요! 항상 신나게 일하는 모습이 보기 좋아요.,가끔은 너무 열정적이라 다른 사람들 페이스에 맞추기 힘들 때가 있어요. 조금만 조절해주세요ㅎㅎ,4,4,4,5,5,1,민호씨 진짜 열정 넘치네요! 항상 신나게 일하는 모습이 보기 좋아요.,가끔은 너무 열정적이라 다른 사람들 페이스에 맞추기 힘들 때가 있어요. 조금만 조절해주세요
175,박현지,김도윤,"도윤아, 넌 진짜 일 개쩔게 잘한다ㅋㅋ 어떻게 그렇게 빨리 처리해?",근데 말이 좀 거칠지 않냐?ㅋㅋ 동료들이랑 얘기할 때 좀만 부드럽게 해봐ㅋㅋㅋ,5,2,3,4,5,1,"도윤아, 넌 진짜 일 개쩔게 잘한다 어떻게 그렇게 빨리 처리해? 있습니다.",근데 말이 좀 거칠지 않냐? 동료들이랑 얘기할 때 좀만 부드럽게 해봐 있습니다.
176,박현지,이수빈,"수빈아, 넌 진짜 분위기 메이커다! 회식 때마다 없어서는 안 될 존재ㅋㅋ",근데 일은 좀 열심히 해줘라ㅠㅠ 너무 노는 데만 집중하는 거 아니야?,2,5,5,5,2,1,"수빈아, 넌 진짜 분위기 메이커다! 회식 때마다 없어서는 안 될 존재 있습니다.",근데 일은 좀 열심히 해줘라 너무 노는 데만 집중하는 거 아니야? 있습니다.
177,박현지,정민석,"민석아, 발표 진짜 잘하더라~ 어떻게 그렇게 말을 잘해?",발표 준비하는 시간에 실제 업무도 좀 신경 썼으면 좋겠어ㅠㅠ,3,5,4,4,3,1,"민석아, 발표 진짜 잘하더라~ 어떻게 그렇게 말을 잘해? 있습니다.",발표 준비하는 시간에 실제 업무도 좀 신경 썼으면 좋겠어 있습니다.
187,김나연,오승현,오승현 책임님 진짜 일 잘하시네요ㅋㅋ 어떻게 그렇게 꼼꼼하게 처리하세요?,근데 가끔 너무 꼼꼼해서 일이 느려질 때가 있어요. 좀 더 효율적으로 일했으면 좋겠어요ㅎㅎ,5,4,5,4,5,1,오승현 책임님 진짜 일 잘하시네요 어떻게 그렇게 꼼꼼하게 처리하세요? 있습니다.,근데 가끔 너무 꼼꼼해서 일이 느려질 때가 있어요. 좀 더 효율적으로 일했으면 좋겠어요
188,김나연,이지현,"지현아, 진짜 말빨 쩔어요ㅋㅋㅋ 어떻게 그렇게 설득을 잘해요?",근데 일은 좀 제대로 해주셨으면ㅠㅠ 말만 하지 말고 실천도 좀...,3,5,4,4,2,1,"지현아, 진짜 말빨 쩔어요 어떻게 그렇게 설득을 잘해요? 있습니다.",근데 일은 좀 제대로 해주셨으면 말만 하지 말고 실천도 좀... 있습니다.
189,김나연,조성우,성우씨 진짜 열정 넘치네요! 항상 신나게 일하는 모습이 보기 좋아요.,가끔은 너무 열정적이라 다른 사람들 페이스에 맞추기 힘들 때가 있어요. 조금만 조절해주세요ㅎㅎ,4,4,4,5,5,1,성우씨 진짜 열정 넘치네요! 항상 신나게 일하는 모습이 보기 좋아요.,가끔은 너무 열정적이라 다른 사람들 페이스에 맞추기 힘들 때가 있어요. 조금만 조절해주세요
194,송지훈,김태우,"김태우 과장은 팀 내 갈등 해결 능력이 탁월합니다. 항상 중립적인 입장에서 문제를 해결하려 노력하며, 팀 분위기 개선에 큰 도움이 됩니다.",하지만 가끔은 모든 사람을 만족시키려다 보니 결정이 지연되는 경우가 있습니다. 때로는 과감한 결단도 필요할 것 같습니다.,4,5,5,5,4,1,"김태우 과장은 팀 내 갈등 해결 능력이 탁월합니다. 항상 중립적인 입장에서 문제를 해결하려 노력하며, 팀 분위기 개선에 큰 도움이 됩니다. 있습니다.",하지만 가끔은 모든 사람을 만족시키려다 보니 결정이 지연되는 경우가 있습니다. 때로는 과감한 결단도 필요할 것 같습니다. 있습니다.
196,강미나,임재호,"재호야, 넌 진짜 일 개쩔게 잘한다ㅋㅋ 어떻게 그렇게 빨리 처리해?",근데 말이 좀 거칠지 않냐?ㅋㅋ 동료들이랑 얘기할 때 좀만 부드럽게 해봐ㅋㅋㅋ,5,2,3,4,5,1,"재호야, 넌 진짜 일 개쩔게 잘한다 어떻게 그렇게 빨리 처리해? 있습니다.",근데 말이 좀 거칠지 않냐? 동료들이랑 얘기할 때 좀만 부드럽게 해봐 있습니다.
197,강미나,정유진,"유진아, 넌 진짜 분위기 메이커다! 회식 때마다 없어서는 안 될 존재ㅋㅋ",근데 일은 좀 열심히 해줘라ㅠㅠ 너무 노는 데만 집중하는 거 아니야?,2,5,5,5,2,1,"유진아, 넌 진짜 분위기 메이커다! 회식 때마다 없어서는 안 될 존재 있습니다.",근데 일은 좀 열심히 해줘라 너무 노는 데만 집중하는 거 아니야? 있습니다.
198,강미나,윤성민,"성민아, 발표 진짜 잘하더라~ 어떻게 그렇게 말을 잘해?",발표 준비하는 시간에 실제 업무도 좀 신경 썼으면 좋겠어ㅠㅠ,3,5,4,4,3,1,"성민아, 발표 진짜 잘하더라~ 어떻게 그렇게 말을 잘해? 있습니다.",발표 준비하는 시간에 실제 업무도 좀 신경 썼으면 좋겠어 있습니다.
208,홍지수,백승민,백승민 책임님 진짜 일 잘하시네요ㅋㅋ 어떻게 그렇게 꼼꼼하게 처리하세요?,근데 가끔 너무 꼼꼼해서 일이 느려질 때가 있어요. 좀 더 효율적으로 일했으면 좋겠어요ㅎㅎ,5,4,5,4,5,1,백승민 책임님 진짜 일 잘하시네요 어떻게 그렇게 꼼꼼하게 처리하세요? 있습니다.,근데 가끔 너무 꼼꼼해서 일이 느려질 때가 있어요. 좀 더 효율적으로 일했으면 좋겠어요
209,홍지수,김유경,"유경아, 진짜 말빨 쩔어요ㅋㅋㅋ 어떻게 그렇게 설득을 잘해요?",근데 일은 좀 제대로 해주셨으면ㅠㅠ 말만 하지 말고 실천도 좀...,3,5,4,4,2,1,"유경아, 진짜 말빨 쩔어요 어떻게 그렇게 설득을 잘해요? 있습니다.",근데 일은 좀 제대로 해주셨으면 말만 하지 말고 실천도 좀... 있습니다.
210,홍지수,장현성,현성씨 진짜 열정 넘치네요! 항상 신나게 일하는 모습이 보기 좋아요.,가끔은 너무 열정적이라 다른 사람들 페이스에 맞추기 힘들 때가 있어요. 조금만 조절해주세요ㅎㅎ,4,4,4,5,5,1,현성씨 진짜 열정 넘치네요! 항상 신나게 일하는 모습이 보기 좋아요.,가끔은 너무 열정적이라 다른 사람들 페이스에 맞추기 힘들 때가 있어요. 조금만 조절해주세요
217,박지영,임태준,"태준아, 넌 진짜 일 개쩔게 잘한다ㅋㅋ 어떻게 그렇게 빨리 처리해?",근데 말이 좀 거칠지 않냐?ㅋㅋ 동료들이랑 얘기할 때 좀만 부드럽게 해봐ㅋㅋㅋ,5,2,3,4,5,1,"태준아, 넌 진짜 일 개쩔게 잘한다 어떻게 그렇게 빨리 처리해? 있습니다.",근데 말이 좀 거칠지 않냐? 동료들이랑 얘기할 때 좀만 부드럽게 해봐 있습니다.
218,박지영,강다현,"다현아, 넌 진짜 분위기 메이커다! 회식 때마다 없어서는 안 될 존재ㅋㅋ",근데 일은 좀 열심히 해줘라ㅠㅠ 너무 노는 데만 집중하는 거 아니야?,2,5,5,5,2,1,"다현아, 넌 진짜 분위기 메이커다! 회식 때마다 없어서는 안 될 존재 있습니다.",근데 일은 좀 열심히 해줘라 너무 노는 데만 집중하는 거 아니야? 있습니다.
219,박지영,황민준,"민준아, 발표 진짜 잘하더라~ 어떻게 그렇게 말을 잘해?",발표 준비하는 시간에 실제 업무도 좀 신경 썼으면 좋겠어ㅠㅠ,3,5,4,4,3,1,"민준아, 발표 진짜 잘하더라~ 어떻게 그렇게 말을 잘해? 있습니다.",발표 준비하는 시간에 실제 업무도 좀 신경 썼으면 좋겠어 있습니다.
229,정재훈,오승택,오승택 책임님 진짜 일 잘하시네요ㅋㅋ 어떻게 그렇게 꼼꼼하게 처리하세요?,근데 가끔 너무 꼼꼼해서 일이 느려질 때가 있어요. 좀 더 효율적으로 일했으면 좋겠어요ㅎㅎ,5,4,5,4,5,1,오승택 책임님 진짜 일 잘하시네요 어떻게 그렇게 꼼꼼하게 처리하세요? 있습니다.,근데 가끔 너무 꼼꼼해서 일이 느려질 때가 있어요. 좀 더 효율적으로 일했으면 좋겠어요
230,정재훈,김유나,"유나야, 진짜 말빨 쩔어요ㅋㅋㅋ 어떻게 그렇게 설득을 잘해요?",근데 일은 좀 제대로 해주셨으면ㅠㅠ 말만 하지 말고 실천도 좀...,3,5,4,4,2,1,"유나야, 진짜 말빨 쩔어요 어떻게 그렇게 설득을 잘해요? 있습니다.",근데 일은 좀 제대로 해주셨으면 말만 하지 말고 실천도 좀... 있습니다.
231,정재훈,장민혁,민혁씨 진짜 열정 넘치네요! 항상 신나게 일하는 모습이 보기 좋아요.,가끔은 너무 열정적이라 다른 사람들 페이스에 맞추기 힘들 때가 있어요. 조금만 조절해주세요ㅎㅎ,4,4,4,5,5,1,민혁씨 진짜 열정 넘치네요! 항상 신나게 일하는 모습이 보기 좋아요.,가끔은 너무 열정적이라 다른 사람들 페이스에 맞추기 힘들 때가 있어요. 조금만 조절해주세요
238,장민서,강동훈,강동훈 씨는 진짜 일 처리가 빠르다니까요ㅋㅋ 어떻게 그렇게 빨리해요?,근데 말이 좀 거칠지 않아요?ㅋㅋ 동료들한테 좀만 부드럽게 대해봐요~,5,2,3,4,5,1,강동훈 씨는 진짜 일 처리가 빠르다니까요 어떻게 그렇게 빨리해요? 있습니다.,근데 말이 좀 거칠지 않아요? 동료들한테 좀만 부드럽게 대해봐요~ 있습니다.
239,장민서,임지아,"지아야, 넌 진짜 분위기 메이커야! 네가 있어서 팀 분위기가 좋아~",근데 일도 열심히 했으면 좋겠어ㅠㅠ 놀 땐 놀고 일할 땐 일하자!,2,5,5,5,2,1,"지아야, 넌 진짜 분위기 메이커야! 네가 있어서 팀 분위기가 좋아~ 있습니다.",근데 일도 열심히 했으면 좋겠어 놀 땐 놀고 일할 땐 일하자! 있습니다.
240,장민서,최재혁,"재혁아, 발표 진짜 잘하더라~ 어떻게 그렇게 말을 잘해?",발표 준비하는 시간에 실제 업무도 좀 신경 썼으면 좋겠어ㅠㅠ,3,5,4,4,3,1,"재혁아, 발표 진짜 잘하더라~ 어떻게 그렇게 말을 잘해? 있습니다.",발표 준비하는 시간에 실제 업무도 좀 신경 썼으면 좋겠어 있습니다.
251,박현우,김동욱,김동욱 대리는 기술적 전문성이 정말 뛰어나요. 어떤 어려운 기술적 문제도 잘 해결하죠.,그런데 비개발자들과 소통할 때 너무 전문적인 용어를 사용해서 의사소통에 어려움이 있어요. 좀 더 쉬운 언어로 설명해주면 좋겠어요.,5,3,4,3,5,1,김동욱 대리는 기술적 전문성이 정말 뛰어나요. 어떤 어려운 기술적 문제도 잘 해결하죠. 있습니다.,그런데 비개발자들과 소통할 때 너무 전문적인 용어를 사용해서 의사소통에 어려움이 있어요. 좀 더 쉬운 언어로 설명해주면 좋겠어요.
253,황서영,신재호,"재호야, 넌 진짜 일 잘한다ㅋㅋ 어떻게 그렇게 빨리 처리해?",근데 말이 좀 거칠지 않냐?ㅋㅋ 동료들이랑 얘기할 때 좀만 부드럽게 해봐ㅋㅋㅋ,5,2,3,4,5,1,"재호야, 넌 진짜 일 잘한다 어떻게 그렇게 빨리 처리해? 있습니다.",근데 말이 좀 거칠지 않냐? 동료들이랑 얘기할 때 좀만 부드럽게 해봐 있습니다.
254,황서영,윤지원,"지원아, 넌 진짜 분위기 메이커다! 회식 때마다 없어서는 안 될 존재ㅋㅋ",근데 일은 좀 열심히 해줘라ㅠㅠ 너무 노는 데만 집중하는 거 아니야?,2,5,5,5,2,1,"지원아, 넌 진짜 분위기 메이커다! 회식 때마다 없어서는 안 될 존재 있습니다.",근데 일은 좀 열심히 해줘라 너무 노는 데만 집중하는 거 아니야? 있습니다.
255,황서영,조현우,"현우야, 발표 진짜 잘하더라~ 어떻게 그렇게 말을 잘해?",발표 준비하는 시간에 실제 업무도 좀 신경 썼으면 좋겠어ㅠㅠ,3,5,4,4,3,1,"현우야, 발표 진짜 잘하더라~ 어떻게 그렇게 말을 잘해? 있습니다.",발표 준비하는 시간에 실제 업무도 좀 신경 썼으면 좋겠어 있습니다.
256,김민수,이지은,이지은 대리는 문서 작성 능력이 탁월해요. 복잡한 내용도 명확하고 간결하게 정리하죠.,다만 업무 처리 속도가 조금 느린 편이에요. 시간 관리 능력을 개선하면 좋겠어요.,4,5,5,4,4,1,이지은 대리는 문서 작성 능력이 탁월해요. 복잡한 내용도 명확하고 간결하게 정리하죠. 있습니다.,다만 업무 처리 속도가 조금 느린 편이에요. 시간 관리 능력을 개선하면 좋겠어요.
259,장예린,강도현,"도현아, 넌 진짜 일 처리가 빠르다ㅋㅋ 어떻게 그렇게 순식간에 해치워?",근데 말이 좀 거칠지 않냐?ㅋㅋ 동료들한테 좀만 부드럽게 대해봐ㅋㅋㅋ,5,2,3,4,5,1,"도현아, 넌 진짜 일 처리가 빠르다 어떻게 그렇게 순식간에 해치워? 있습니다.",근데 말이 좀 거칠지 않냐? 동료들한테 좀만 부드럽게 대해봐 있습니다.
260,장예린,서민주,"민주야, 넌 진짜 분위기 메이커야! 네가 있어서 팀 분위기가 좋아~",근데 업무도 좀 신경 썼으면 좋겠어ㅠㅠ 너무 노는 데만 집중하는 거 아니야?,2,5,5,5,2,1,"민주야, 넌 진짜 분위기 메이커야! 네가 있어서 팀 분위기가 좋아~ 있습니다.",근데 업무도 좀 신경 썼으면 좋겠어 너무 노는 데만 집중하는 거 아니야? 있습니다.
261,장예린,임성우,"성우야, 프레젠테이션 진짜 잘하더라~ 어떻게 그렇게 말을 잘해?",발표 준비하는 시간에 실제 업무도 좀 신경 썼으면 좋겠어ㅠㅠ,3,5,4,4,3,1,"성우야, 프레젠테이션 진짜 잘하더라~ 어떻게 그렇게 말을 잘해? 있습니다.",발표 준비하는 시간에 실제 업무도 좀 신경 썼으면 좋겠어 있습니다.
271,정승현,오태윤,오태윤 책임님 진짜 일 잘하시네요ㅋㅋ 어떻게 그렇게 꼼꼼하게 처리하세요?,근데 가끔 너무 꼼꼼해서 일이 느려질 때가 있어요. 좀 더 효율적으로 일했으면 좋겠어요ㅎㅎ,5,4,5,4,5,1,오태윤 책임님 진짜 일 잘하시네요 어떻게 그렇게 꼼꼼하게 처리하세요? 있습니다.,근데 가끔 너무 꼼꼼해서 일이 느려질 때가 있어요. 좀 더 효율적으로 일했으면 좋겠어요
272,정승현,김서영,"서영아, 진짜 말빨 쩔어요ㅋㅋㅋ 어떻게 그렇게 설득을 잘해요?",근데 일은 좀 제대로 해주셨으면ㅠㅠ 말만 하지 말고 실천도 좀...,3,5,4,4,2,1,"서영아, 진짜 말빨 쩔어요 어떻게 그렇게 설득을 잘해요? 있습니다.",근데 일은 좀 제대로 해주셨으면 말만 하지 말고 실천도 좀... 있습니다.
273,정승현,이준호,준호씨 진짜 열정 넘치네요! 항상 신나게 일하는 모습이 보기 좋아요.,가끔은 너무 열정적이라 다른 사람들 페이스에 맞추기 힘들 때가 있어요. 조금만 조절해주세요ㅎㅎ,4,4,4,5,5,1,준호씨 진짜 열정 넘치네요! 항상 신나게 일하는 모습이 보기 좋아요.,가끔은 너무 열정적이라 다른 사람들 페이스에 맞추기 힘들 때가 있어요. 조금만 조절해주세요
280,정혜원,강동훈,강동훈 씨는 진짜 일 처리가 빠르다니까요ㅋㅋ 어떻게 그렇게 빨리해요?,근데 말이 좀 거칠지 않아요?ㅋㅋ 동료들한테 좀만 부드럽게 대해봐요~,5,2,3,4,5,1,강동훈 씨는 진짜 일 처리가 빠르다니까요 어떻게 그렇게 빨리해요? 있습니다.,근데 말이 좀 거칠지 않아요? 동료들한테 좀만 부드럽게 대해봐요~ 있습니다.
281,정혜원,임지아,"지아야, 넌 진짜 분위기 메이커야! 네가 있어서 팀 분위기가 좋아~",근데 일도 열심히 했으면 좋겠어ㅠㅠ 놀 땐 놀고 일할 땐 일하자!,2,5,5,5,2,1,"지아야, 넌 진짜 분위기 메이커야! 네가 있어서 팀 분위기가 좋아~ 있습니다.",근데 일도 열심히 했으면 좋겠어 놀 땐 놀고 일할 땐 일하자! 있습니다.
293,황서연,김동욱,김동욱 대리는 기술적 전문성이 정말 뛰어나요. 어떤 어려운 기술적 문제도 잘 해결하죠.,그런데 비개발자들과 소통할 때 너무 전문적인 용어를 사용해서 의사소통에 어려움이 있어요. 좀 더 쉬운 언어로 설명해주면 좋겠어요.,5,3,4,3,5,1,김동욱 대리는 기술적 전문성이 정말 뛰어나요. 어떤 어려운 기술적 문제도 잘 해결하죠. 있습니다.,그런데 비개발자들과 소통할 때 너무 전문적인 용어를 사용해서 의사소통에 어려움이 있어요. 좀 더 쉬운 언어로 설명해주면 좋겠어요.
295,강민혁,오세훈,XX 일은 개XX같이 잘하네. 어떻게 그렇게 빨리 처리하는 거야?,"근데 성격은 왜 그 모양이냐? XX아, 좀 상냥하게 굴어봐라. 그 XX같은 성격 좀 고치자.",5,1,1,1,5,1,일은 개같이 잘하네. 어떻게 그렇게 빨리 처리하는 거야? 있습니다.,"근데 성격은 왜 그 모양이냐? 아, 좀 상냥하게 굴어봐라. 그 같은 성격 좀 고치자. 있습니다."
296,강민혁,김지원,지원이 너 대체 뭐하는 거야? 일 좀 제대로 해라 XX아.,정신 좀 차리고 일해라. 이러다 잘리는 수가 있어.,1,2,3,2,1,1,지원이 너 대체 뭐하는 거야? 일 좀 제대로 해라 아. 있습니다.,정신 좀 차리고 일해라. 이러다 잘리는 수가 있어. 있습니다.
