<?xml version="1.0" encoding="UTF-8" standalone="yes"?>
<response>
    <header>
        <resultCode>00</resultCode>
        <resultMsg>NORMAL SERVICE.</resultMsg>
    </header>
    <body>
        <numOfRows>5</numOfRows>
        <pageNo>1</pageNo>
        <totalCount>1965772</totalCount>
        <items>
            <item>
                <basDt>20161231</basDt>
                <bizYear>2016</bizYear>
                <crno>0000000000000</crno>
                <curCd>CNY</curCd>
                <enpBzopPft>220585011</enpBzopPft>
                <enpCptlAmt>0</enpCptlAmt>
                <enpCrtmNpf>169763696</enpCrtmNpf>
                <enpSaleAmt>1142433981</enpSaleAmt>
                <enpTastAmt>1554544655</enpTastAmt>
                <enpTcptAmt>1158938823</enpTcptAmt>
                <enpTdbtAmt>395605832</enpTdbtAmt>
                <fnclDcd>110</fnclDcd>
                <fnclDcdNm>연결요약재무제표</fnclDcdNm>
                <fnclDebtRto>34.1351781603</fnclDebtRto>
                <iclsPalClcAmt>230405699</iclsPalClcAmt>
            </item>
            <item>
                <basDt>20171231</basDt>
                <bizYear>2017</bizYear>
                <crno>0000000000000</crno>
                <curCd>CNY</curCd>
                <enpBzopPft>233021326</enpBzopPft>
                <enpCptlAmt>416446347</enpCptlAmt>
                <enpCrtmNpf>191577888</enpCrtmNpf>
                <enpSaleAmt>1198817973</enpSaleAmt>
                <enpTastAmt>1702579982</enpTastAmt>
                <enpTcptAmt>1332492278</enpTcptAmt>
                <enpTdbtAmt>370087704</enpTdbtAmt>
                <fnclDcd>110</fnclDcd>
                <fnclDcdNm>연결요약재무제표</fnclDcdNm>
                <fnclDebtRto>27.7740974646</fnclDebtRto>
                <iclsPalClcAmt>258670400</iclsPalClcAmt>
            </item>
            <item>
                <basDt>20181231</basDt>
                <bizYear>2018</bizYear>
                <crno>0000000000000</crno>
                <curCd>CNY</curCd>
                <enpBzopPft>207551902</enpBzopPft>
                <enpCptlAmt>0</enpCptlAmt>
                <enpCrtmNpf>149202401</enpCrtmNpf>
                <enpSaleAmt>1204593418</enpSaleAmt>
                <enpTastAmt>1847668159</enpTastAmt>
                <enpTcptAmt>1479403894</enpTcptAmt>
                <enpTdbtAmt>368264265</enpTdbtAmt>
                <fnclDcd>110</fnclDcd>
                <fnclDcdNm>연결요약재무제표</fnclDcdNm>
                <fnclDebtRto>24.8927467674</fnclDebtRto>
                <iclsPalClcAmt>208635850</iclsPalClcAmt>
            </item>
            <item>
                <basDt>20191231</basDt>
                <bizYear>2019</bizYear>
                <crno>0000000000000</crno>
                <curCd>CNY</curCd>
                <enpBzopPft>260455844</enpBzopPft>
                <enpCptlAmt>0</enpCptlAmt>
                <enpCrtmNpf>193209870</enpCrtmNpf>
                <enpSaleAmt>1312408963</enpSaleAmt>
                <enpTastAmt>2030985573</enpTastAmt>
                <enpTcptAmt>1676514280</enpTcptAmt>
                <enpTdbtAmt>354471293</enpTdbtAmt>
                <fnclDcd>110</fnclDcd>
                <fnclDcdNm>연결요약재무제표</fnclDcdNm>
                <fnclDebtRto>21.1433506549</fnclDebtRto>
                <iclsPalClcAmt>257771788</iclsPalClcAmt>
            </item>
            <item>
                <basDt>20201231</basDt>
                <bizYear>2020</bizYear>
                <crno>0000000000000</crno>
                <curCd>CNY</curCd>
                <enpBzopPft>29277797</enpBzopPft>
                <enpCptlAmt>0</enpCptlAmt>
                <enpCrtmNpf>30021247</enpCrtmNpf>
                <enpSaleAmt>839724178</enpSaleAmt>
                <enpTastAmt>2010207084</enpTastAmt>
                <enpTcptAmt>1695967912</enpTcptAmt>
                <enpTdbtAmt>314239172</enpTdbtAmt>
                <fnclDcd>110</fnclDcd>
                <fnclDcdNm>연결요약재무제표</fnclDcdNm>
                <fnclDebtRto>18.5286036237</fnclDebtRto>
                <iclsPalClcAmt>45580502</iclsPalClcAmt>
            </item>
        </items>
    </body>
</response>
