"Country...Dependency","Population","X..ofworld","Date","Source..official.or.fromthe.United.Nations."
"India","1,425,775,850","17.4%","14 Apr 2023","UN projection[90]"
"China","1,409,670,000","17.3%","17 Jan 2024","National annual estimate[91]"
"United States","337,763,176","4.13%","17 Apr 2025","National population clock[92]"
"Indonesia","278,696,200","3.41%","1 Jul 2023","National annual estimate[93]"
"Pakistan","229,488,994","2.81%","1 Jul 2022","UN projection[94]"
"Nigeria","216,746,934","2.65%","1 Jul 2022","UN projection[94]"
"Brazil","219,054,293","2.68%","17 Apr 2025","National population clock[95]"
"Bangladesh","168,220,000","2.06%","1 Jul 2020","Annual Population Estimate[96]"
"Russia","147,190,000","1.80%","1 Oct 2021","2021 preliminary census results[97]"
"Mexico","128,271,248","1.57%","31 Mar 2022",""
