{"response":{"body":{"items":{"item":[{"basDt":"20161231","crno":"0000000000000","bizYear":"2016","fnclDcd":"110","fnclDcdNm":"연결요약재무제표","enpSaleAmt":"1142433981","enpBzopPft":"220585011","iclsPalClcAmt":"230405699","enpCrtmNpf":"169763696","enpTastAmt":"1554544655","enpTdbtAmt":"395605832","enpTcptAmt":"1158938823","enpCptlAmt":"0","fnclDebtRto":"34.1351781603","curCd":"CNY"},{"basDt":"20171231","crno":"0000000000000","bizYear":"2017","fnclDcd":"110","fnclDcdNm":"연결요약재무제표","enpSaleAmt":"1198817973","enpBzopPft":"233021326","iclsPalClcAmt":"258670400","enpCrtmNpf":"191577888","enpTastAmt":"1702579982","enpTdbtAmt":"370087704","enpTcptAmt":"1332492278","enpCptlAmt":"416446347","fnclDebtRto":"27.7740974646","curCd":"CNY"},{"basDt":"20181231","crno":"0000000000000","bizYear":"2018","fnclDcd":"110","fnclDcdNm":"연결요약재무제표","enpSaleAmt":"1204593418","enpBzopPft":"207551902","iclsPalClcAmt":"208635850","enpCrtmNpf":"149202401","enpTastAmt":"1847668159","enpTdbtAmt":"368264265","enpTcptAmt":"1479403894","enpCptlAmt":"0","fnclDebtRto":"24.8927467674","curCd":"CNY"},{"basDt":"20191231","crno":"0000000000000","bizYear":"2019","fnclDcd":"110","fnclDcdNm":"연결요약재무제표","enpSaleAmt":"1312408963","enpBzopPft":"260455844","iclsPalClcAmt":"257771788","enpCrtmNpf":"193209870","enpTastAmt":"2030985573","enpTdbtAmt":"354471293","enpTcptAmt":"1676514280","enpCptlAmt":"0","fnclDebtRto":"21.1433506549","curCd":"CNY"},{"basDt":"20201231","crno":"0000000000000","bizYear":"2020","fnclDcd":"110","fnclDcdNm":"연결요약재무제표","enpSaleAmt":"839724178","enpBzopPft":"29277797","iclsPalClcAmt":"45580502","enpCrtmNpf":"30021247","enpTastAmt":"2010207084","enpTdbtAmt":"314239172","enpTcptAmt":"1695967912","enpCptlAmt":"0","fnclDebtRto":"18.5286036237","curCd":"CNY"}]},"numOfRows":5,"pageNo":1,"totalCount":1965772},"header":{"resultCode":"00","resultMsg":"NORMAL SERVICE."}}}